DATE,DJIA
Aug 25 2008,11386.25
Aug 26 2008,11412.87
Aug 27 2008,11502.51
Aug 28 2008,11715.18
Aug 29 2008,11543.55
Sep 01 2008,
Sep 02 2008,11516.92
Sep 03 2008,11532.88
Sep 04 2008,11188.23
Sep 05 2008,11220.96
Sep 08 2008,11510.74
Sep 09 2008,11230.73
Sep 10 2008,11268.92
Sep 11 2008,11433.71
Sep 12 2008,11421.99
Sep 15 2008,10917.51
Sep 16 2008,11059.02
Sep 17 2008,10609.66
Sep 18 2008,11019.69
Sep 19 2008,11388.44
Sep 22 2008,11015.69
Sep 23 2008,10854.17
Sep 24 2008,10825.17
Sep 25 2008,11022.06
Sep 26 2008,11143.13
Sep 29 2008,10365.45
Sep 30 2008,10850.66
Oct 01 2008,10831.07
Oct 02 2008,10482.85
Oct 03 2008,10325.38
Oct 06 2008,9955.5
Oct 07 2008,9447.11
Oct 08 2008,9258.1
Oct 09 2008,8579.19
Oct 10 2008,8451.19
Oct 13 2008,9387.61
Oct 14 2008,9310.99
Oct 15 2008,8577.91
Oct 16 2008,8979.26
Oct 17 2008,8852.22
Oct 20 2008,9265.43
Oct 21 2008,9033.66
Oct 22 2008,8519.21
Oct 23 2008,8691.25
Oct 24 2008,8378.95
Oct 27 2008,8175.77
Oct 28 2008,9065.12
Oct 29 2008,8990.96
Oct 30 2008,9180.69
Oct 31 2008,9325.01
Nov 03 2008,9319.83
Nov 04 2008,9625.28
Nov 05 2008,9139.27
Nov 06 2008,8695.79
Nov 07 2008,8943.81
Nov 10 2008,8870.54
Nov 11 2008,8693.96
Nov 12 2008,8282.66
Nov 13 2008,8835.25
Nov 14 2008,8497.31
Nov 17 2008,8273.58
Nov 18 2008,8424.75
Nov 19 2008,7997.28
Nov 20 2008,7552.29
Nov 21 2008,8046.42
Nov 24 2008,8443.39
Nov 25 2008,8479.47
Nov 26 2008,8726.61
Nov 27 2008,
Nov 28 2008,8829.04
Dec 01 2008,8149.09
Dec 02 2008,8419.09
Dec 03 2008,8591.69
Dec 04 2008,8376.24
Dec 05 2008,8635.42
Dec 08 2008,8934.18
Dec 09 2008,8691.33
Dec 10 2008,8761.42
Dec 11 2008,8565.09
Dec 12 2008,8629.68
Dec 15 2008,8564.53
Dec 16 2008,8924.14
Dec 17 2008,8824.34
Dec 18 2008,8604.99
Dec 19 2008,8579.11
Dec 22 2008,8519.77
Dec 23 2008,8419.49
Dec 24 2008,8468.48
Dec 25 2008,
Dec 26 2008,8515.55
Dec 29 2008,8483.93
Dec 30 2008,8668.39
Dec 31 2008,8776.39
Jan 01 2009,
Jan 02 2009,9034.69
Jan 05 2009,8952.89
Jan 06 2009,9015.1
Jan 07 2009,8769.7
Jan 08 2009,8742.46
Jan 09 2009,8599.18
Jan 12 2009,8473.97
Jan 13 2009,8448.56
Jan 14 2009,8200.14
Jan 15 2009,8212.49
Jan 16 2009,8281.22
Jan 19 2009,
Jan 20 2009,7949.09
Jan 21 2009,8228.1
Jan 22 2009,8122.8
Jan 23 2009,8077.56
Jan 26 2009,8116.03
Jan 27 2009,8174.73
Jan 28 2009,8375.45
Jan 29 2009,8149.01
Jan 30 2009,8000.86
Feb 02 2009,7936.83
Feb 03 2009,8078.36
Feb 04 2009,7956.66
Feb 05 2009,8063.07
Feb 06 2009,8280.59
Feb 09 2009,8270.87
Feb 10 2009,7888.88
Feb 11 2009,7939.53
Feb 12 2009,7932.76
Feb 13 2009,7850.41
Feb 16 2009,
Feb 17 2009,7552.6
Feb 18 2009,7555.63
Feb 19 2009,7465.95
Feb 20 2009,7365.67
Feb 23 2009,7114.78
Feb 24 2009,7350.94
Feb 25 2009,7270.89
Feb 26 2009,7182.08
Feb 27 2009,7062.93
Mar 02 2009,6763.29
Mar 03 2009,6726.02
Mar 04 2009,6875.84
Mar 05 2009,6594.44
Mar 06 2009,6626.94
Mar 09 2009,6547.05
Mar 10 2009,6926.49
Mar 11 2009,6930.4
Mar 12 2009,7170.06
Mar 13 2009,7223.98
Mar 16 2009,7216.97
Mar 17 2009,7395.7
Mar 18 2009,7486.58
Mar 19 2009,7400.8
Mar 20 2009,7278.38
Mar 23 2009,7775.86
Mar 24 2009,7659.97
Mar 25 2009,7749.81
Mar 26 2009,7924.56
Mar 27 2009,7776.18
Mar 30 2009,7522.02
Mar 31 2009,7608.92
Apr 01 2009,7761.6
Apr 02 2009,7978.08
Apr 03 2009,8017.59
Apr 06 2009,7975.85
Apr 07 2009,7789.56
Apr 08 2009,7837.11
Apr 09 2009,8083.38
Apr 10 2009,
Apr 13 2009,8057.81
Apr 14 2009,7920.18
Apr 15 2009,8029.62
Apr 16 2009,8125.43
Apr 17 2009,8131.33
Apr 20 2009,7841.73
Apr 21 2009,7969.56
Apr 22 2009,7886.57
Apr 23 2009,7957.06
Apr 24 2009,8076.29
Apr 27 2009,8025
Apr 28 2009,8016.95
Apr 29 2009,8185.73
Apr 30 2009,8168.12
May 01 2009,8212.41
May 04 2009,8426.74
May 05 2009,8410.65
May 06 2009,8512.28
May 07 2009,8409.85
May 08 2009,8574.65
May 11 2009,8418.77
May 12 2009,8469.11
May 13 2009,8284.89
May 14 2009,8331.32
May 15 2009,8268.64
May 18 2009,8504.08
May 19 2009,8474.85
May 20 2009,8422.04
May 21 2009,8292.13
May 22 2009,8277.32
May 25 2009,
May 26 2009,8473.49
May 27 2009,8300.02
May 28 2009,8403.8
May 29 2009,8500.33
Jun 01 2009,8721.44
Jun 02 2009,8740.87
Jun 03 2009,8675.28
Jun 04 2009,8750.24
Jun 05 2009,8763.13
Jun 08 2009,8764.49
Jun 09 2009,8763.06
Jun 10 2009,8739.02
Jun 11 2009,8770.92
Jun 12 2009,8799.26
Jun 15 2009,8612.13
Jun 16 2009,8504.67
Jun 17 2009,8497.18
Jun 18 2009,8555.6
Jun 19 2009,8539.73
Jun 22 2009,8339.01
Jun 23 2009,8322.91
Jun 24 2009,8299.86
Jun 25 2009,8472.4
Jun 26 2009,8438.39
Jun 29 2009,8529.38
Jun 30 2009,8447
Jul 01 2009,8504.06
Jul 02 2009,8280.74
Jul 03 2009,
Jul 06 2009,8324.87
Jul 07 2009,8163.6
Jul 08 2009,8178.41
Jul 09 2009,8183.17
Jul 10 2009,8146.52
Jul 13 2009,8331.68
Jul 14 2009,8359.49
Jul 15 2009,8616.21
Jul 16 2009,8711.82
Jul 17 2009,8743.94
Jul 20 2009,8848.15
Jul 21 2009,8915.94
Jul 22 2009,8881.26
Jul 23 2009,9069.29
Jul 24 2009,9093.24
Jul 27 2009,9108.51
Jul 28 2009,9096.72
Jul 29 2009,9070.72
Jul 30 2009,9154.46
Jul 31 2009,9171.61
Aug 03 2009,9286.56
Aug 04 2009,9320.19
Aug 05 2009,9280.97
Aug 06 2009,9256.26
Aug 07 2009,9370.07
Aug 10 2009,9337.95
Aug 11 2009,9241.45
Aug 12 2009,9361.61
Aug 13 2009,9398.19
Aug 14 2009,9321.4
Aug 17 2009,9135.34
Aug 18 2009,9217.94
Aug 19 2009,9279.16
Aug 20 2009,9350.05
Aug 21 2009,9505.96
Aug 24 2009,9509.28
Aug 25 2009,9539.29
Aug 26 2009,9543.52
Aug 27 2009,9580.63
Aug 28 2009,9544.2
Aug 31 2009,9496.28
Sep 01 2009,9310.6
Sep 02 2009,9280.67
Sep 03 2009,9344.61
Sep 04 2009,9441.27
Sep 07 2009,
Sep 08 2009,9497.34
Sep 09 2009,9547.22
Sep 10 2009,9627.48
Sep 11 2009,9605.41
Sep 14 2009,9626.8
Sep 15 2009,9683.41
Sep 16 2009,9791.71
Sep 17 2009,9783.92
Sep 18 2009,9820.2
Sep 21 2009,9778.86
Sep 22 2009,9829.87
Sep 23 2009,9748.55
Sep 24 2009,9707.44
Sep 25 2009,9665.19
Sep 28 2009,9789.36
Sep 29 2009,9742.2
Sep 30 2009,9712.28
Oct 01 2009,9509.28
Oct 02 2009,9487.67
Oct 05 2009,9599.75
Oct 06 2009,9731.25
Oct 07 2009,9725.58
Oct 08 2009,9786.87
Oct 09 2009,9864.94
Oct 12 2009,9885.8
Oct 13 2009,9871.06
Oct 14 2009,10015.86
Oct 15 2009,10062.94
Oct 16 2009,9995.91
Oct 19 2009,10092.19
Oct 20 2009,10041.48
Oct 21 2009,9949.36
Oct 22 2009,10081.31
Oct 23 2009,9972.18
Oct 26 2009,9867.96
Oct 27 2009,9882.17
Oct 28 2009,9762.69
Oct 29 2009,9962.58
Oct 30 2009,9712.73
Nov 02 2009,9789.44
Nov 03 2009,9771.91
Nov 04 2009,9802.14
Nov 05 2009,10005.96
Nov 06 2009,10023.42
Nov 09 2009,10226.94
Nov 10 2009,10246.97
Nov 11 2009,10291.26
Nov 12 2009,10197.47
Nov 13 2009,10270.47
Nov 16 2009,10406.96
Nov 17 2009,10437.42
Nov 18 2009,10426.31
Nov 19 2009,10332.44
Nov 20 2009,10318.16
Nov 23 2009,10450.95
Nov 24 2009,10433.71
Nov 25 2009,10464.4
Nov 26 2009,
Nov 27 2009,10309.92
Nov 30 2009,10344.84
Dec 01 2009,10471.58
Dec 02 2009,10452.68
Dec 03 2009,10366.15
Dec 04 2009,10388.9
Dec 07 2009,10390.11
Dec 08 2009,10285.97
Dec 09 2009,10337.05
Dec 10 2009,10405.83
Dec 11 2009,10471.5
Dec 14 2009,10501.05
Dec 15 2009,10452
Dec 16 2009,10441.12
Dec 17 2009,10308.26
Dec 18 2009,10328.89
Dec 21 2009,10414.14
Dec 22 2009,10464.93
Dec 23 2009,10466.44
Dec 24 2009,10520.1
Dec 25 2009,
Dec 28 2009,10547.08
Dec 29 2009,10545.41
Dec 30 2009,10548.51
Dec 31 2009,10428.05
Jan 01 2010,
Jan 04 2010,10583.96
Jan 05 2010,10572.02
Jan 06 2010,10573.68
Jan 07 2010,10606.86
Jan 08 2010,10618.19
Jan 11 2010,10663.99
Jan 12 2010,10627.26
Jan 13 2010,10680.77
Jan 14 2010,10710.55
Jan 15 2010,10609.65
Jan 18 2010,
Jan 19 2010,10725.43
Jan 20 2010,10603.15
Jan 21 2010,10389.88
Jan 22 2010,10172.98
Jan 25 2010,10196.86
Jan 26 2010,10194.29
Jan 27 2010,10236.16
Jan 28 2010,10120.46
Jan 29 2010,10067.33
Feb 01 2010,10185.53
Feb 02 2010,10296.85
Feb 03 2010,10270.55
Feb 04 2010,10002.18
Feb 05 2010,10012.23
Feb 08 2010,9908.39
Feb 09 2010,10058.64
Feb 10 2010,10038.38
Feb 11 2010,10144.19
Feb 12 2010,10099.14
Feb 15 2010,
Feb 16 2010,10268.81
Feb 17 2010,10309.24
Feb 18 2010,10392.9
Feb 19 2010,10402.35
Feb 22 2010,10383.38
Feb 23 2010,10282.41
Feb 24 2010,10374.16
Feb 25 2010,10321.03
Feb 26 2010,10325.26
Mar 01 2010,10403.79
Mar 02 2010,10405.98
Mar 03 2010,10396.76
Mar 04 2010,10444.14
Mar 05 2010,10566.2
Mar 08 2010,10552.52
Mar 09 2010,10564.38
Mar 10 2010,10567.33
Mar 11 2010,10611.84
Mar 12 2010,10624.69
Mar 15 2010,10642.15
Mar 16 2010,10685.98
Mar 17 2010,10733.67
Mar 18 2010,10779.17
Mar 19 2010,10741.98
Mar 22 2010,10785.89
Mar 23 2010,10888.83
Mar 24 2010,10836.15
Mar 25 2010,10841.21
Mar 26 2010,10850.36
Mar 29 2010,10895.86
Mar 30 2010,10907.42
Mar 31 2010,10856.63
Apr 01 2010,10927.07
Apr 02 2010,
Apr 05 2010,10973.55
Apr 06 2010,10969.99
Apr 07 2010,10897.52
Apr 08 2010,10927.07
Apr 09 2010,10997.35
Apr 12 2010,11005.97
Apr 13 2010,11019.42
Apr 14 2010,11123.11
Apr 15 2010,11144.57
Apr 16 2010,11018.66
Apr 19 2010,11092.05
Apr 20 2010,11117.06
Apr 21 2010,11124.92
Apr 22 2010,11134.29
Apr 23 2010,11204.28
Apr 26 2010,11205.03
Apr 27 2010,10991.99
Apr 28 2010,11045.27
Apr 29 2010,11167.32
Apr 30 2010,11008.61
May 03 2010,11151.83
May 04 2010,10926.77
May 05 2010,10868.12
May 06 2010,10520.32
May 07 2010,10380.43
May 10 2010,10785.14
May 11 2010,10748.26
May 12 2010,10896.91
May 13 2010,10782.95
May 14 2010,10620.16
May 17 2010,10625.83
May 18 2010,10510.95
May 19 2010,10444.37
May 20 2010,10068.01
May 21 2010,10193.39
May 24 2010,10066.57
May 25 2010,10043.75
May 26 2010,9974.45
May 27 2010,10258.99
May 28 2010,10136.63
May 31 2010,
Jun 01 2010,10024.02
Jun 02 2010,10249.54
Jun 03 2010,10255.28
Jun 04 2010,9931.97
Jun 07 2010,9816.49
Jun 08 2010,9939.98
Jun 09 2010,9899.25
Jun 10 2010,10172.53
Jun 11 2010,10211.07
Jun 14 2010,10190.89
Jun 15 2010,10404.77
Jun 16 2010,10409.46
Jun 17 2010,10434.17
Jun 18 2010,10450.64
Jun 21 2010,10442.41
Jun 22 2010,10293.52
Jun 23 2010,10298.44
Jun 24 2010,10152.8
Jun 25 2010,10143.81
Jun 28 2010,10138.52
Jun 29 2010,9870.3
Jun 30 2010,9774.02
Jul 01 2010,9732.53
Jul 02 2010,9686.48
Jul 05 2010,
Jul 06 2010,9743.62
Jul 07 2010,10018.28
Jul 08 2010,10138.99
Jul 09 2010,10198.03
Jul 12 2010,10216.27
Jul 13 2010,10363.02
Jul 14 2010,10366.72
Jul 15 2010,10359.31
Jul 16 2010,10097.9
Jul 19 2010,10154.43
Jul 20 2010,10229.96
Jul 21 2010,10120.53
Jul 22 2010,10322.3
Jul 23 2010,10424.62
Jul 26 2010,10525.43
Jul 27 2010,10537.69
Jul 28 2010,10497.88
Jul 29 2010,10467.16
Jul 30 2010,10465.94
Aug 02 2010,10674.38
Aug 03 2010,10636.38
Aug 04 2010,10680.43
Aug 05 2010,10674.98
Aug 06 2010,10653.56
Aug 09 2010,10698.75
Aug 10 2010,10644.25
Aug 11 2010,10378.83
Aug 12 2010,10319.95
Aug 13 2010,10303.15
Aug 16 2010,10302.01
Aug 17 2010,10405.85
Aug 18 2010,10415.54
Aug 19 2010,10271.21
Aug 20 2010,10213.62
Aug 23 2010,10174.41
Aug 24 2010,10040.45
Aug 25 2010,10060.06
Aug 26 2010,9985.81
Aug 27 2010,10150.65
Aug 30 2010,10009.73
Aug 31 2010,10014.72
Sep 01 2010,10269.47
Sep 02 2010,10320.1
Sep 03 2010,10447.93
Sep 06 2010,
Sep 07 2010,10340.69
Sep 08 2010,10387.01
Sep 09 2010,10415.24
Sep 10 2010,10462.77
Sep 13 2010,10544.13
Sep 14 2010,10526.49
Sep 15 2010,10572.73
Sep 16 2010,10594.83
Sep 17 2010,10607.85
Sep 20 2010,10753.62
Sep 21 2010,10761.03
Sep 22 2010,10739.31
Sep 23 2010,10662.42
Sep 24 2010,10860.26
Sep 27 2010,10812.04
Sep 28 2010,10858.14
Sep 29 2010,10835.28
Sep 30 2010,10788.05
Oct 01 2010,10829.68
Oct 04 2010,10751.27
Oct 05 2010,10944.72
Oct 06 2010,10967.65
Oct 07 2010,10948.58
Oct 08 2010,11006.48
Oct 11 2010,11010.34
Oct 12 2010,11020.4
Oct 13 2010,11096.08
Oct 14 2010,11094.57
Oct 15 2010,11062.78
Oct 18 2010,11143.69
Oct 19 2010,10978.62
Oct 20 2010,11107.97
Oct 21 2010,11146.57
Oct 22 2010,11132.56
Oct 25 2010,11164.05
Oct 26 2010,11169.46
Oct 27 2010,11126.28
Oct 28 2010,11113.95
Oct 29 2010,11118.49
Nov 01 2010,11124.62
Nov 02 2010,11188.72
Nov 03 2010,11215.13
Nov 04 2010,11434.84
Nov 05 2010,11444.08
Nov 08 2010,11406.84
Nov 09 2010,11346.75
Nov 10 2010,11357.04
Nov 11 2010,11283.1
Nov 12 2010,11192.58
Nov 15 2010,11201.97
Nov 16 2010,11023.5
Nov 17 2010,11007.88
Nov 18 2010,11181.23
Nov 19 2010,11203.55
Nov 22 2010,11178.58
Nov 23 2010,11036.37
Nov 24 2010,11187.28
Nov 25 2010,
Nov 26 2010,11092
Nov 29 2010,11052.49
Nov 30 2010,11006.02
Dec 01 2010,11255.78
Dec 02 2010,11362.41
Dec 03 2010,11382.09
Dec 06 2010,11362.19
Dec 07 2010,11359.16
Dec 08 2010,11372.48
Dec 09 2010,11370.06
Dec 10 2010,11410.32
Dec 13 2010,11428.56
Dec 14 2010,11476.54
Dec 15 2010,11457.47
Dec 16 2010,11499.25
Dec 17 2010,11491.91
Dec 20 2010,11478.13
Dec 21 2010,11533.16
Dec 22 2010,11559.49
Dec 23 2010,11573.49
Dec 24 2010,
Dec 27 2010,11555.03
Dec 28 2010,11575.54
Dec 29 2010,11585.38
Dec 30 2010,11569.71
Dec 31 2010,11577.51
Jan 03 2011,11670.75
Jan 04 2011,11691.18
Jan 05 2011,11722.89
Jan 06 2011,11697.31
Jan 07 2011,11674.76
Jan 10 2011,11637.45
Jan 11 2011,11671.88
Jan 12 2011,11755.44
Jan 13 2011,11731.9
Jan 14 2011,11787.38
Jan 17 2011,
Jan 18 2011,11837.93
Jan 19 2011,11825.29
Jan 20 2011,11822.8
Jan 21 2011,11871.84
Jan 24 2011,11980.52
Jan 25 2011,11977.19
Jan 26 2011,11985.44
Jan 27 2011,11989.83
Jan 28 2011,11823.7
Jan 31 2011,11891.93
Feb 01 2011,12040.16
Feb 02 2011,12041.97
Feb 03 2011,12062.26
Feb 04 2011,12092.15
Feb 07 2011,12161.63
Feb 08 2011,12233.15
Feb 09 2011,12239.89
Feb 10 2011,12229.29
Feb 11 2011,12273.26
Feb 14 2011,12268.19
Feb 15 2011,12226.64
Feb 16 2011,12288.17
Feb 17 2011,12318.14
Feb 18 2011,12391.25
Feb 21 2011,
Feb 22 2011,12212.79
Feb 23 2011,12105.78
Feb 24 2011,12068.5
Feb 25 2011,12130.45
Feb 28 2011,12226.34
Mar 01 2011,12058.02
Mar 02 2011,12066.8
Mar 03 2011,12258.2
Mar 04 2011,12169.88
Mar 07 2011,12090.03
Mar 08 2011,12214.38
Mar 09 2011,12213.09
Mar 10 2011,11984.61
Mar 11 2011,12044.4
Mar 14 2011,11993.16
Mar 15 2011,11855.42
Mar 16 2011,11613.3
Mar 17 2011,11774.59
Mar 18 2011,11858.52
Mar 21 2011,12036.53
Mar 22 2011,12018.63
Mar 23 2011,12086.02
Mar 24 2011,12170.56
Mar 25 2011,12220.59
Mar 28 2011,12197.88
Mar 29 2011,12279.01
Mar 30 2011,12350.61
Mar 31 2011,12319.73
Apr 01 2011,12376.72
Apr 04 2011,12400.03
Apr 05 2011,12393.9
Apr 06 2011,12426.75
Apr 07 2011,12409.49
Apr 08 2011,12380.05
Apr 11 2011,12381.11
Apr 12 2011,12263.58
Apr 13 2011,12270.99
Apr 14 2011,12285.15
Apr 15 2011,12341.83
Apr 18 2011,12201.59
Apr 19 2011,12266.75
Apr 20 2011,12453.54
Apr 21 2011,12505.99
Apr 22 2011,
Apr 25 2011,12479.88
Apr 26 2011,12595.37
Apr 27 2011,12690.96
Apr 28 2011,12763.31
Apr 29 2011,12810.54
May 02 2011,12807.36
May 03 2011,12807.51
May 04 2011,12723.58
May 05 2011,12584.17
May 06 2011,12638.74
May 09 2011,12684.68
May 10 2011,12760.36
May 11 2011,12630.03
May 12 2011,12695.92
May 13 2011,12595.75
May 16 2011,12548.37
May 17 2011,12479.58
May 18 2011,12560.18
May 19 2011,12605.32
May 20 2011,12512.04
May 23 2011,12381.26
May 24 2011,12356.21
May 25 2011,12394.66
May 26 2011,12402.76
May 27 2011,12441.58
May 30 2011,
May 31 2011,12569.79
Jun 01 2011,12290.14
Jun 02 2011,12248.55
Jun 03 2011,12151.26
Jun 06 2011,12089.96
Jun 07 2011,12070.81
Jun 08 2011,12048.94
Jun 09 2011,12124.36
Jun 10 2011,11951.91
Jun 13 2011,11952.97
Jun 14 2011,12076.11
Jun 15 2011,11897.27
Jun 16 2011,11961.52
Jun 17 2011,12004.36
Jun 20 2011,12080.38
Jun 21 2011,12190.01
Jun 22 2011,12109.67
Jun 23 2011,12050
Jun 24 2011,11934.58
Jun 27 2011,12043.56
Jun 28 2011,12188.69
Jun 29 2011,12261.42
Jun 30 2011,12414.34
Jul 01 2011,12582.77
Jul 04 2011,
Jul 05 2011,12569.87
Jul 06 2011,12626.02
Jul 07 2011,12719.49
Jul 08 2011,12657.2
Jul 11 2011,12505.76
Jul 12 2011,12446.88
Jul 13 2011,12491.61
Jul 14 2011,12437.12
Jul 15 2011,12479.73
Jul 18 2011,12385.16
Jul 19 2011,12587.42
Jul 20 2011,12571.91
Jul 21 2011,12724.41
Jul 22 2011,12681.16
Jul 25 2011,12592.8
Jul 26 2011,12501.3
Jul 27 2011,12302.55
Jul 28 2011,12240.11
Jul 29 2011,12143.24
Aug 01 2011,12132.49
Aug 02 2011,11866.62
Aug 03 2011,11896.44
Aug 04 2011,11383.68
Aug 05 2011,11444.61
Aug 08 2011,10809.85
Aug 09 2011,11239.77
Aug 10 2011,10719.94
Aug 11 2011,11143.31
Aug 12 2011,11269.02
Aug 15 2011,11482.9
Aug 16 2011,11405.93
Aug 17 2011,11410.21
Aug 18 2011,10990.58
Aug 19 2011,10817.65
Aug 22 2011,10854.65
Aug 23 2011,11176.76
Aug 24 2011,11320.71
Aug 25 2011,11149.82
Aug 26 2011,11284.54
Aug 29 2011,11539.25
Aug 30 2011,11559.95
Aug 31 2011,11613.53
Sep 01 2011,11493.57
Sep 02 2011,11240.26
Sep 05 2011,
Sep 06 2011,11139.3
Sep 07 2011,11414.86
Sep 08 2011,11295.81
Sep 09 2011,10992.13
Sep 12 2011,11061.12
Sep 13 2011,11105.85
Sep 14 2011,11246.73
Sep 15 2011,11433.18
Sep 16 2011,11509.09
Sep 19 2011,11401.01
Sep 20 2011,11408.66
Sep 21 2011,11124.84
Sep 22 2011,10733.83
Sep 23 2011,10771.48
Sep 26 2011,11043.86
Sep 27 2011,11190.69
Sep 28 2011,11010.9
Sep 29 2011,11153.98
Sep 30 2011,10913.38
Oct 03 2011,10655.3
Oct 04 2011,10808.71
Oct 05 2011,10939.95
Oct 06 2011,11123.33
Oct 07 2011,11103.12
Oct 10 2011,11433.18
Oct 11 2011,11416.3
Oct 12 2011,11518.85
Oct 13 2011,11478.13
Oct 14 2011,11644.49
Oct 17 2011,11397
Oct 18 2011,11577.05
Oct 19 2011,11504.62
Oct 20 2011,11541.78
Oct 21 2011,11808.79
Oct 24 2011,11913.62
Oct 25 2011,11706.62
Oct 26 2011,11869.04
Oct 27 2011,12208.55
Oct 28 2011,12231.11
Oct 31 2011,11955.01
Nov 01 2011,11657.96
Nov 02 2011,11836.04
Nov 03 2011,12044.47
Nov 04 2011,11983.24
Nov 07 2011,12068.39
Nov 08 2011,12170.18
Nov 09 2011,11780.94
Nov 10 2011,11893.79
Nov 11 2011,12153.68
Nov 14 2011,12078.98
Nov 15 2011,12096.16
Nov 16 2011,11905.59
Nov 17 2011,11770.73
Nov 18 2011,11796.16
Nov 21 2011,11547.31
Nov 22 2011,11493.72
Nov 23 2011,11257.55
Nov 24 2011,
Nov 25 2011,11231.78
Nov 28 2011,11523.01
Nov 29 2011,11555.63
Nov 30 2011,12045.68
Dec 01 2011,12020.03
Dec 02 2011,12019.42
Dec 05 2011,12097.83
Dec 06 2011,12150.13
Dec 07 2011,12196.37
Dec 08 2011,11997.7
Dec 09 2011,12184.26
Dec 12 2011,12021.39
Dec 13 2011,11954.94
Dec 14 2011,11823.48
Dec 15 2011,11868.81
Dec 16 2011,11866.39
Dec 19 2011,11766.26
Dec 20 2011,12103.58
Dec 21 2011,12107.74
Dec 22 2011,12169.65
Dec 23 2011,12294
Dec 26 2011,
Dec 27 2011,12291.35
Dec 28 2011,12151.41
Dec 29 2011,12287.04
Dec 30 2011,12217.56
Jan 02 2012,
Jan 03 2012,12397.38
Jan 04 2012,12418.42
Jan 05 2012,12415.7
Jan 06 2012,12359.92
Jan 09 2012,12392.69
Jan 10 2012,12462.47
Jan 11 2012,12449.45
Jan 12 2012,12471.02
Jan 13 2012,12422.06
Jan 16 2012,
Jan 17 2012,12482.07
Jan 18 2012,12578.95
Jan 19 2012,12623.98
Jan 20 2012,12720.48
Jan 23 2012,12708.82
Jan 24 2012,12675.75
Jan 25 2012,12756.96
Jan 26 2012,12734.63
Jan 27 2012,12660.46
Jan 30 2012,12653.72
Jan 31 2012,12632.91
Feb 01 2012,12716.46
Feb 02 2012,12705.41
Feb 03 2012,12862.23
Feb 06 2012,12845.13
Feb 07 2012,12878.2
Feb 08 2012,12883.95
Feb 09 2012,12890.46
Feb 10 2012,12801.23
Feb 13 2012,12874.04
Feb 14 2012,12878.28
Feb 15 2012,12780.95
Feb 16 2012,12904.08
Feb 17 2012,12949.87
Feb 20 2012,
Feb 21 2012,12965.69
Feb 22 2012,12938.67
Feb 23 2012,12984.69
Feb 24 2012,12982.95
Feb 27 2012,12981.51
Feb 28 2012,13005.12
Feb 29 2012,12952.07
Mar 01 2012,12980.3
Mar 02 2012,12977.57
Mar 05 2012,12962.81
Mar 06 2012,12759.15
Mar 07 2012,12837.33
Mar 08 2012,12907.94
Mar 09 2012,12922.02
Mar 12 2012,12959.71
Mar 13 2012,13177.68
Mar 14 2012,13194.1
Mar 15 2012,13252.76
Mar 16 2012,13232.62
Mar 19 2012,13239.13
Mar 20 2012,13170.19
Mar 21 2012,13124.62
Mar 22 2012,13046.14
Mar 23 2012,13080.73
Mar 26 2012,13241.63
Mar 27 2012,13197.73
Mar 28 2012,13126.21
Mar 29 2012,13145.82
Mar 30 2012,13212.04
Apr 02 2012,13264.49
Apr 03 2012,13199.55
Apr 04 2012,13074.75
Apr 05 2012,13060.14
Apr 06 2012,
Apr 09 2012,12929.59
Apr 10 2012,12715.93
Apr 11 2012,12805.39
Apr 12 2012,12986.58
Apr 13 2012,12849.59
Apr 16 2012,12921.41
Apr 17 2012,13115.54
Apr 18 2012,13032.75
Apr 19 2012,12964.1
Apr 20 2012,13029.26
Apr 23 2012,12927.17
Apr 24 2012,13001.56
Apr 25 2012,13090.72
Apr 26 2012,13204.62
Apr 27 2012,13228.31
Apr 30 2012,13213.63
May 01 2012,13279.32
May 02 2012,13268.57
May 03 2012,13206.59
May 04 2012,13038.27
May 07 2012,13008.53
May 08 2012,12932.09
May 09 2012,12835.06
May 10 2012,12855.04
May 11 2012,12820.6
May 14 2012,12695.35
May 15 2012,12632
May 16 2012,12598.55
May 17 2012,12442.49
May 18 2012,12369.38
May 21 2012,12504.48
May 22 2012,12502.81
May 23 2012,12496.15
May 24 2012,12529.75
May 25 2012,12454.83
May 28 2012,
May 29 2012,12580.69
May 30 2012,12419.86
May 31 2012,12393.45
Jun 01 2012,12118.57
Jun 04 2012,12101.46
Jun 05 2012,12127.95
Jun 06 2012,12414.79
Jun 07 2012,12460.96
Jun 08 2012,12554.2
Jun 11 2012,12411.23
Jun 12 2012,12573.8
Jun 13 2012,12496.38
Jun 14 2012,12651.91
Jun 15 2012,12767.17
Jun 18 2012,12741.82
Jun 19 2012,12837.33
Jun 20 2012,12824.39
Jun 21 2012,12573.57
Jun 22 2012,12640.78
Jun 25 2012,12502.66
Jun 26 2012,12534.67
Jun 27 2012,12627.01
Jun 28 2012,12602.26
Jun 29 2012,12880.09
Jul 02 2012,12871.39
Jul 03 2012,12943.82
Jul 04 2012,
Jul 05 2012,12896.67
Jul 06 2012,12772.47
Jul 09 2012,12736.29
Jul 10 2012,12653.12
Jul 11 2012,12604.53
Jul 12 2012,12573.27
Jul 13 2012,12777.09
Jul 16 2012,12727.21
Jul 17 2012,12805.54
Jul 18 2012,12908.7
Jul 19 2012,12943.36
Jul 20 2012,12822.57
Jul 23 2012,12721.46
Jul 24 2012,12617.32
Jul 25 2012,12676.05
Jul 26 2012,12887.93
Jul 27 2012,13075.66
Jul 30 2012,13073.01
Jul 31 2012,13008.68
Aug 01 2012,12971.06
Aug 02 2012,12878.88
Aug 03 2012,13096.17
Aug 06 2012,13117.51
Aug 07 2012,13168.6
Aug 08 2012,13175.64
Aug 09 2012,13165.19
Aug 10 2012,13207.95
Aug 13 2012,13169.43
Aug 14 2012,13172.14
Aug 15 2012,13164.78
Aug 16 2012,13250.11
Aug 17 2012,13275.2
Aug 20 2012,13271.64
Aug 21 2012,13203.58
Aug 22 2012,13172.76
Aug 23 2012,13057.46
Aug 24 2012,13157.97
Aug 27 2012,13124.67
Aug 28 2012,13102.99
Aug 29 2012,13107.48
Aug 30 2012,13000.71
Aug 31 2012,13090.84
Sep 03 2012,
Sep 04 2012,13035.94
Sep 05 2012,13047.48
Sep 06 2012,13292
Sep 07 2012,13306.64
Sep 10 2012,13254.29
Sep 11 2012,13323.36
Sep 12 2012,13333.35
Sep 13 2012,13539.86
Sep 14 2012,13593.37
Sep 17 2012,13553.1
Sep 18 2012,13564.64
Sep 19 2012,13577.96
Sep 20 2012,13596.93
Sep 21 2012,13579.47
Sep 24 2012,13558.92
Sep 25 2012,13457.55
Sep 26 2012,13413.51
Sep 27 2012,13485.97
Sep 28 2012,13437.13
Oct 01 2012,13515.11
Oct 02 2012,13482.36
Oct 03 2012,13494.61
Oct 04 2012,13575.36
Oct 05 2012,13610.15
Oct 08 2012,13583.65
Oct 09 2012,13473.53
Oct 10 2012,13344.97
Oct 11 2012,13326.39
Oct 12 2012,13328.85
Oct 15 2012,13424.23
Oct 16 2012,13551.78
Oct 17 2012,13557
Oct 18 2012,13548.94
Oct 19 2012,13343.51
Oct 22 2012,13345.89
Oct 23 2012,13102.53
Oct 24 2012,13077.34
Oct 25 2012,13103.68
Oct 26 2012,13107.21
Oct 29 2012,
Oct 30 2012,
Oct 31 2012,13096.46
Nov 01 2012,13232.62
Nov 02 2012,13093.16
Nov 05 2012,13112.44
Nov 06 2012,13245.68
Nov 07 2012,12932.73
Nov 08 2012,12811.32
Nov 09 2012,12815.39
Nov 12 2012,12815.08
Nov 13 2012,12756.18
Nov 14 2012,12570.95
Nov 15 2012,12542.38
Nov 16 2012,12588.31
Nov 19 2012,12795.96
Nov 20 2012,12788.51
Nov 21 2012,12836.89
Nov 22 2012,
Nov 23 2012,13009.68
Nov 26 2012,12967.37
Nov 27 2012,12878.13
Nov 28 2012,12985.11
Nov 29 2012,13021.82
Nov 30 2012,13025.58
Dec 03 2012,12965.6
Dec 04 2012,12951.78
Dec 05 2012,13034.49
Dec 06 2012,13074.04
Dec 07 2012,13155.13
Dec 10 2012,13169.88
Dec 11 2012,13248.44
Dec 12 2012,13245.45
Dec 13 2012,13170.72
Dec 14 2012,13135.01
Dec 17 2012,13235.39
Dec 18 2012,13350.96
Dec 19 2012,13251.97
Dec 20 2012,13311.72
Dec 21 2012,13190.84
Dec 24 2012,13139.08
Dec 25 2012,
Dec 26 2012,13114.59
Dec 27 2012,13096.31
Dec 28 2012,12938.11
Dec 31 2012,13104.14
Jan 01 2013,
Jan 02 2013,13412.55
Jan 03 2013,13391.36
Jan 04 2013,13435.21
Jan 07 2013,13384.29
Jan 08 2013,13328.85
Jan 09 2013,13390.51
Jan 10 2013,13471.22
Jan 11 2013,13488.43
Jan 14 2013,13507.32
Jan 15 2013,13534.89
Jan 16 2013,13511.23
Jan 17 2013,13596.02
Jan 18 2013,13649.7
Jan 21 2013,
Jan 22 2013,13712.21
Jan 23 2013,13779.33
Jan 24 2013,13825.33
Jan 25 2013,13895.98
Jan 28 2013,13881.93
Jan 29 2013,13954.42
Jan 30 2013,13910.42
Jan 31 2013,13860.58
Feb 01 2013,14009.79
Feb 04 2013,13880.08
Feb 05 2013,13979.3
Feb 06 2013,13986.52
Feb 07 2013,13944.05
Feb 08 2013,13992.97
Feb 11 2013,13971.24
Feb 12 2013,14018.7
Feb 13 2013,13982.91
Feb 14 2013,13973.39
Feb 15 2013,13981.76
Feb 18 2013,
Feb 19 2013,14035.67
Feb 20 2013,13927.54
Feb 21 2013,13880.62
Feb 22 2013,14000.57
Feb 25 2013,13784.17
Feb 26 2013,13900.13
Feb 27 2013,14075.37
Feb 28 2013,14054.49
Mar 01 2013,14089.66
Mar 04 2013,14127.82
Mar 05 2013,14253.77
Mar 06 2013,14296.24
Mar 07 2013,14329.49
Mar 08 2013,14397.07
Mar 11 2013,14447.29
Mar 12 2013,14450.06
Mar 13 2013,14455.28
Mar 14 2013,14539.14
Mar 15 2013,14514.11
Mar 18 2013,14452.06
Mar 19 2013,14455.82
Mar 20 2013,14511.73
Mar 21 2013,14421.49
Mar 22 2013,14512.03
Mar 25 2013,14447.75
Mar 26 2013,14559.65
Mar 27 2013,14526.16
Mar 28 2013,14578.54
Mar 29 2013,
Apr 01 2013,14572.85
Apr 02 2013,14662.01
Apr 03 2013,14550.35
Apr 04 2013,14606.11
Apr 05 2013,14565.25
Apr 08 2013,14613.48
Apr 09 2013,14673.46
Apr 10 2013,14802.24
Apr 11 2013,14865.14
Apr 12 2013,14865.06
Apr 15 2013,14599.2
Apr 16 2013,14756.78
Apr 17 2013,14618.59
Apr 18 2013,14537.14
Apr 19 2013,14547.51
Apr 22 2013,14567.17
Apr 23 2013,14719.46
Apr 24 2013,14676.3
Apr 25 2013,14700.8
Apr 26 2013,14712.55
Apr 29 2013,14818.75
Apr 30 2013,14839.8
May 01 2013,14700.95
May 02 2013,14831.58
May 03 2013,14973.96
May 06 2013,14968.89
May 07 2013,15056.2
May 08 2013,15105.12
May 09 2013,15082.62
May 10 2013,15118.49
May 13 2013,15091.68
May 14 2013,15215.25
May 15 2013,15275.69
May 16 2013,15233.22
May 17 2013,15354.4
May 20 2013,15335.28
May 21 2013,15387.58
May 22 2013,15307.17
May 23 2013,15294.5
May 24 2013,15303.1
May 27 2013,
May 28 2013,15409.39
May 29 2013,15302.8
May 30 2013,15324.53
May 31 2013,15115.57
Jun 03 2013,15254.03
Jun 04 2013,15177.54
Jun 05 2013,14960.59
Jun 06 2013,15040.62
Jun 07 2013,15248.12
Jun 10 2013,15238.59
Jun 11 2013,15122.02
Jun 12 2013,14995.23
Jun 13 2013,15176.08
Jun 14 2013,15070.18
Jun 17 2013,15179.85
Jun 18 2013,15318.23
Jun 19 2013,15112.19
Jun 20 2013,14758.32
Jun 21 2013,14799.4
Jun 24 2013,14659.56
Jun 25 2013,14760.31
Jun 26 2013,14910.14
Jun 27 2013,15024.49
Jun 28 2013,14909.6
Jul 01 2013,14974.96
Jul 02 2013,14932.41
Jul 03 2013,14988.55
Jul 04 2013,
Jul 05 2013,15135.84
Jul 08 2013,15224.69
Jul 09 2013,15300.34
Jul 10 2013,15291.66
Jul 11 2013,15460.92
Jul 12 2013,15464.3
Jul 15 2013,15484.26
Jul 16 2013,15451.85
Jul 17 2013,15470.52
Jul 18 2013,15548.54
Jul 19 2013,15543.74
Jul 22 2013,15545.55
Jul 23 2013,15567.74
Jul 24 2013,15542.24
Jul 25 2013,15555.61
Jul 26 2013,15558.83
Jul 29 2013,15521.97
Jul 30 2013,15520.59
Jul 31 2013,15499.54
Aug 01 2013,15628.02
Aug 02 2013,15658.36
Aug 05 2013,15612.13
Aug 06 2013,15518.74
Aug 07 2013,15470.67
Aug 08 2013,15498.32
Aug 09 2013,15425.51
Aug 12 2013,15419.68
Aug 13 2013,15451.01
Aug 14 2013,15337.66
Aug 15 2013,15112.19
Aug 16 2013,15081.47
Aug 19 2013,15010.74
Aug 20 2013,15002.99
Aug 21 2013,14897.55
Aug 22 2013,14963.74
Aug 23 2013,15010.51
Aug 26 2013,14946.46
Aug 27 2013,14776.13
Aug 28 2013,14824.51
Aug 29 2013,14840.95
Aug 30 2013,14810.31
Sep 02 2013,
Sep 03 2013,14833.96
Sep 04 2013,14930.87
Sep 05 2013,14937.48
Sep 06 2013,14922.5
Sep 09 2013,15063.12
Sep 10 2013,15191.06
Sep 11 2013,15326.6
Sep 12 2013,15300.64
Sep 13 2013,15376.06
Sep 16 2013,15494.78
Sep 17 2013,15529.73
Sep 18 2013,15676.94
Sep 19 2013,15636.55
Sep 20 2013,15451.09
Sep 23 2013,15401.38
Sep 24 2013,15334.59
Sep 25 2013,15273.26
Sep 26 2013,15328.3
Sep 27 2013,15258.24
Sep 30 2013,15129.67
Oct 01 2013,15191.7
Oct 02 2013,15133.14
Oct 03 2013,14996.48
Oct 04 2013,15072.58
Oct 07 2013,14936.24
Oct 08 2013,14776.53
Oct 09 2013,14802.98
Oct 10 2013,15126.07
Oct 11 2013,15237.11
Oct 14 2013,15301.26
Oct 15 2013,15168.01
Oct 16 2013,15373.83
Oct 17 2013,15371.65
Oct 18 2013,15399.65
Oct 21 2013,15392.2
Oct 22 2013,15467.66
Oct 23 2013,15413.33
Oct 24 2013,15509.21
Oct 25 2013,15570.28
Oct 28 2013,15568.93
Oct 29 2013,15680.35
Oct 30 2013,15618.76
Oct 31 2013,15545.75
Nov 01 2013,15615.55
Nov 04 2013,15639.12
Nov 05 2013,15618.22
Nov 06 2013,15746.88
Nov 07 2013,15593.98
Nov 08 2013,15761.78
Nov 11 2013,15783.1
Nov 12 2013,15750.67
Nov 13 2013,15821.63
Nov 14 2013,15876.22
Nov 15 2013,15961.7
Nov 18 2013,15976.02
Nov 19 2013,15967.03
Nov 20 2013,15900.82
Nov 21 2013,16009.99
Nov 22 2013,16064.77
Nov 25 2013,16072.54
Nov 26 2013,16072.8
Nov 27 2013,16097.33
Nov 28 2013,
Nov 29 2013,16086.41
Dec 02 2013,16008.77
Dec 03 2013,15914.62
Dec 04 2013,15889.77
Dec 05 2013,15821.51
Dec 06 2013,16020.2
Dec 09 2013,16025.53
Dec 10 2013,15973.13
Dec 11 2013,15843.53
Dec 12 2013,15739.43
Dec 13 2013,15755.36
Dec 16 2013,15884.57
Dec 17 2013,15875.26
Dec 18 2013,16167.97
Dec 19 2013,16179.08
Dec 20 2013,16221.14
Dec 23 2013,16294.61
Dec 24 2013,16357.55
Dec 25 2013,
Dec 26 2013,16479.88
Dec 27 2013,16478.41
Dec 30 2013,16504.29
Dec 31 2013,16576.66
Jan 01 2014,
Jan 02 2014,16441.35
Jan 03 2014,16469.99
Jan 06 2014,16425.1
Jan 07 2014,16530.94
Jan 08 2014,16462.74
Jan 09 2014,16444.76
Jan 10 2014,16437.05
Jan 13 2014,16257.94
Jan 14 2014,16373.86
Jan 15 2014,16481.94
Jan 16 2014,16417.01
Jan 17 2014,16458.56
Jan 20 2014,
Jan 21 2014,16414.44
Jan 22 2014,16373.34
Jan 23 2014,16197.35
Jan 24 2014,15879.11
Jan 27 2014,15837.88
Jan 28 2014,15928.56
Jan 29 2014,15738.79
Jan 30 2014,15848.61
Jan 31 2014,15698.85
Feb 03 2014,15372.8
Feb 04 2014,15445.24
Feb 05 2014,15440.23
Feb 06 2014,15628.53
Feb 07 2014,15794.08
Feb 10 2014,15801.79
Feb 11 2014,15994.77
Feb 12 2014,15963.94
Feb 13 2014,16027.59
Feb 14 2014,16154.39
Feb 17 2014,
Feb 18 2014,16130.4
Feb 19 2014,16040.56
Feb 20 2014,16133.23
Feb 21 2014,16103.3
Feb 24 2014,16207.14
Feb 25 2014,16179.66
Feb 26 2014,16198.41
Feb 27 2014,16272.65
Feb 28 2014,16321.71
Mar 03 2014,16168.03
Mar 04 2014,16395.88
Mar 05 2014,16360.18
Mar 06 2014,16421.89
Mar 07 2014,16452.72
Mar 10 2014,16418.68
Mar 11 2014,16351.25
Mar 12 2014,16340.08
Mar 13 2014,16108.89
Mar 14 2014,16065.67
Mar 17 2014,16247.22
Mar 18 2014,16336.19
Mar 19 2014,16222.17
Mar 20 2014,16331.05
Mar 21 2014,16302.77
Mar 24 2014,16276.69
Mar 25 2014,16367.88
Mar 26 2014,16268.99
Mar 27 2014,16264.23
Mar 28 2014,16323.06
Mar 31 2014,16457.66
Apr 01 2014,16532.61
Apr 02 2014,16573
Apr 03 2014,16572.55
Apr 04 2014,16412.71
Apr 07 2014,16245.87
Apr 08 2014,16256.14
Apr 09 2014,16437.18
Apr 10 2014,16170.22
Apr 11 2014,16026.75
Apr 14 2014,16173.24
Apr 15 2014,16262.56
Apr 16 2014,16424.85
Apr 17 2014,16408.54
Apr 18 2014,
Apr 21 2014,16449.25
Apr 22 2014,16514.37
Apr 23 2014,16501.65
Apr 24 2014,16501.65
Apr 25 2014,16361.46
Apr 28 2014,16448.74
Apr 29 2014,16535.37
Apr 30 2014,16580.84
May 01 2014,16558.87
May 02 2014,16512.89
May 05 2014,16530.55
May 06 2014,16401.02
May 07 2014,16518.54
May 08 2014,16550.97
May 09 2014,16583.34
May 12 2014,16695.47
May 13 2014,16715.44
May 14 2014,16613.97
May 15 2014,16446.81
May 16 2014,16491.31
May 19 2014,16511.86
May 20 2014,16374.31
May 21 2014,16533.06
May 22 2014,16543.08
May 23 2014,16606.27
May 26 2014,
May 27 2014,16675.5
May 28 2014,16633.18
May 29 2014,16698.74
May 30 2014,16717.17
Jun 02 2014,16743.63
Jun 03 2014,16722.34
Jun 04 2014,16737.53
Jun 05 2014,16836.11
Jun 06 2014,16924.28
Jun 09 2014,16943.1
Jun 10 2014,16945.92
Jun 11 2014,16843.88
Jun 12 2014,16734.19
Jun 13 2014,16775.74
Jun 16 2014,16781.01
Jun 17 2014,16808.49
Jun 18 2014,16906.62
Jun 19 2014,16921.46
Jun 20 2014,16947.08
Jun 23 2014,16937.26
Jun 24 2014,16818.13
Jun 25 2014,16867.51
Jun 26 2014,16846.13
Jun 27 2014,16851.84
Jun 30 2014,16826.6
Jul 01 2014,16956.07
Jul 02 2014,16976.24
Jul 03 2014,17068.26
Jul 04 2014,
Jul 07 2014,17024.21
Jul 08 2014,16906.62
Jul 09 2014,16985.61
Jul 10 2014,16915.07
Jul 11 2014,16943.81
Jul 14 2014,17055.42
Jul 15 2014,17060.68
Jul 16 2014,17138.2
Jul 17 2014,16976.81
Jul 18 2014,17100.18
Jul 21 2014,17051.73
Jul 22 2014,17113.54
Jul 23 2014,17086.63
Jul 24 2014,17083.8
Jul 25 2014,16960.57
Jul 28 2014,16982.59
Jul 29 2014,16912.11
Jul 30 2014,16880.36
Jul 31 2014,16563.3
Aug 01 2014,16493.37
Aug 04 2014,16569.28
Aug 05 2014,16429.47
Aug 06 2014,16443.34
Aug 07 2014,16368.27
Aug 08 2014,16553.93
Aug 11 2014,16569.98
Aug 12 2014,16560.54
Aug 13 2014,16651.8
Aug 14 2014,16713.58
Aug 15 2014,16662.91
Aug 18 2014,16838.74
Aug 19 2014,16919.59
Aug 20 2014,16979.13
Aug 21 2014,17039.49
Aug 22 2014,17001.22
Aug 25 2014,17076.87
Aug 26 2014,17106.7
Aug 27 2014,17122.01
Aug 28 2014,17079.57
Aug 29 2014,17098.45
Sep 01 2014,
Sep 02 2014,17067.56
Sep 03 2014,17078.28
Sep 04 2014,17069.58
Sep 05 2014,17137.36
Sep 08 2014,17111.42
Sep 09 2014,17013.87
Sep 10 2014,17068.71
Sep 11 2014,17049
Sep 12 2014,16987.51
Sep 15 2014,17031.14
Sep 16 2014,17131.97
Sep 17 2014,17156.85
Sep 18 2014,17265.99
Sep 19 2014,17279.74
Sep 22 2014,17172.68
Sep 23 2014,17055.87
Sep 24 2014,17210.06
Sep 25 2014,16945.8
Sep 26 2014,17113.15
Sep 29 2014,17071.22
Sep 30 2014,17042.9
Oct 01 2014,16804.71
Oct 02 2014,16801.05
Oct 03 2014,17009.69
Oct 06 2014,16991.91
Oct 07 2014,16719.39
Oct 08 2014,16994.22
Oct 09 2014,16659.25
Oct 10 2014,16544.1
Oct 13 2014,16321.07
Oct 14 2014,16315.19
Oct 15 2014,16141.74
Oct 16 2014,16117.24
Oct 17 2014,16380.41
Oct 20 2014,16399.67
Oct 21 2014,16614.81
Oct 22 2014,16461.32
Oct 23 2014,16677.9
Oct 24 2014,16805.41
Oct 27 2014,16817.94
Oct 28 2014,17005.75
Oct 29 2014,16974.31
Oct 30 2014,17195.42
Oct 31 2014,17390.52
Nov 03 2014,17366.24
Nov 04 2014,17383.84
Nov 05 2014,17484.53
Nov 06 2014,17554.47
Nov 07 2014,17573.93
Nov 10 2014,17613.74
Nov 11 2014,17614.9
Nov 12 2014,17612.2
Nov 13 2014,17652.79
Nov 14 2014,17634.74
Nov 17 2014,17647.75
Nov 18 2014,17687.82
Nov 19 2014,17685.73
Nov 20 2014,17719
Nov 21 2014,17810.06
Nov 24 2014,17817.9
Nov 25 2014,17814.94
Nov 26 2014,17827.75
Nov 27 2014,
Nov 28 2014,17828.24
Dec 01 2014,17776.8
Dec 02 2014,17879.55
Dec 03 2014,17912.62
Dec 04 2014,17900.1
Dec 05 2014,17958.79
Dec 08 2014,17852.48
Dec 09 2014,17801.2
Dec 10 2014,17533.15
Dec 11 2014,17596.34
Dec 12 2014,17280.83
Dec 15 2014,17180.84
Dec 16 2014,17068.87
Dec 17 2014,17356.87
Dec 18 2014,17778.15
Dec 19 2014,17804.8
Dec 22 2014,17959.44
Dec 23 2014,18024.17
Dec 24 2014,18030.21
Dec 25 2014,
Dec 26 2014,18053.71
Dec 29 2014,18038.23
Dec 30 2014,17983.07
Dec 31 2014,17823.07
Jan 01 2015,
Jan 02 2015,17832.99
Jan 05 2015,17501.65
Jan 06 2015,17371.64
Jan 07 2015,17584.52
Jan 08 2015,17907.87
Jan 09 2015,17737.37
Jan 12 2015,17640.84
Jan 13 2015,17613.68
Jan 14 2015,17427.09
Jan 15 2015,17320.71
Jan 16 2015,17511.57
Jan 19 2015,
Jan 20 2015,17515.23
Jan 21 2015,17554.28
Jan 22 2015,17813.98
Jan 23 2015,17672.6
Jan 26 2015,17678.7
Jan 27 2015,17387.21
Jan 28 2015,17191.37
Jan 29 2015,17416.85
Jan 30 2015,17164.95
Feb 02 2015,17361.04
Feb 03 2015,17666.4
Feb 04 2015,17673.02
Feb 05 2015,17884.88
Feb 06 2015,17824.29
Feb 09 2015,17729.21
Feb 10 2015,17868.76
Feb 11 2015,17862.14
Feb 12 2015,17972.38
Feb 13 2015,18019.35
Feb 16 2015,
Feb 17 2015,18047.58
Feb 18 2015,18029.85
Feb 19 2015,17985.77
Feb 20 2015,18140.44
Feb 23 2015,18116.84
Feb 24 2015,18209.19
Feb 25 2015,18224.57
Feb 26 2015,18214.42
Feb 27 2015,18132.7
Mar 02 2015,18288.63
Mar 03 2015,18203.37
Mar 04 2015,18096.9
Mar 05 2015,18135.72
Mar 06 2015,17856.78
Mar 09 2015,17995.72
Mar 10 2015,17662.94
Mar 11 2015,17635.39
Mar 12 2015,17895.22
Mar 13 2015,17749.31
Mar 16 2015,17977.42
Mar 17 2015,17849.08
Mar 18 2015,18076.19
Mar 19 2015,17959.03
Mar 20 2015,18127.65
Mar 23 2015,18116.04
Mar 24 2015,18011.14
Mar 25 2015,17718.54
Mar 26 2015,17678.23
Mar 27 2015,17712.66
Mar 30 2015,17976.31
Mar 31 2015,17776.12
Apr 01 2015,17698.18
Apr 02 2015,17763.24
Apr 03 2015,
Apr 06 2015,17880.85
Apr 07 2015,17875.42
Apr 08 2015,17902.51
Apr 09 2015,17958.73
Apr 10 2015,18057.65
Apr 13 2015,17977.04
Apr 14 2015,18036.7
Apr 15 2015,18112.61
Apr 16 2015,18105.77
Apr 17 2015,17826.3
Apr 20 2015,18034.93
Apr 21 2015,17949.59
Apr 22 2015,18038.27
Apr 23 2015,18058.69
Apr 24 2015,18080.14
Apr 27 2015,18037.97
Apr 28 2015,18110.14
Apr 29 2015,18035.53
Apr 30 2015,17840.52
May 01 2015,18024.06
May 04 2015,18070.4
May 05 2015,17928.2
May 06 2015,17841.98
May 07 2015,17924.06
May 08 2015,18191.11
May 11 2015,18105.17
May 12 2015,18068.23
May 13 2015,18060.49
May 14 2015,18252.24
May 15 2015,18272.56
May 18 2015,18298.88
May 19 2015,18312.39
May 20 2015,18285.4
May 21 2015,18285.74
May 22 2015,18232.02
May 25 2015,
May 26 2015,18041.54
May 27 2015,18162.99
May 28 2015,18126.12
May 29 2015,18010.68
Jun 01 2015,18040.37
Jun 02 2015,18011.94
Jun 03 2015,18076.27
Jun 04 2015,17905.58
Jun 05 2015,17849.46
Jun 08 2015,17766.55
Jun 09 2015,17764.04
Jun 10 2015,18000.4
Jun 11 2015,18039.37
Jun 12 2015,17898.84
Jun 15 2015,17791.17
Jun 16 2015,17904.48
Jun 17 2015,17935.74
Jun 18 2015,18115.84
Jun 19 2015,18015.95
Jun 22 2015,18119.78
Jun 23 2015,18144.07
Jun 24 2015,17966.07
Jun 25 2015,17890.36
Jun 26 2015,17946.68
Jun 29 2015,17596.35
Jun 30 2015,17619.51
Jul 01 2015,17757.91
Jul 02 2015,17730.11
Jul 03 2015,
Jul 06 2015,17683.58
Jul 07 2015,17776.91
Jul 08 2015,17515.42
Jul 09 2015,17548.62
Jul 10 2015,17760.41
Jul 13 2015,17977.68
Jul 14 2015,18053.58
Jul 15 2015,18050.17
Jul 16 2015,18120.25
Jul 17 2015,18086.45
Jul 20 2015,18100.41
Jul 21 2015,17919.29
Jul 22 2015,17851.04
Jul 23 2015,17731.92
Jul 24 2015,17568.53
Jul 27 2015,17440.59
Jul 28 2015,17630.27
Jul 29 2015,17751.39
Jul 30 2015,17745.98
Jul 31 2015,17689.86
Aug 03 2015,17598.2
Aug 04 2015,17550.69
Aug 05 2015,17540.47
Aug 06 2015,17419.75
Aug 07 2015,17373.38
Aug 10 2015,17615.17
Aug 11 2015,17402.84
Aug 12 2015,17402.51
Aug 13 2015,17408.25
Aug 14 2015,17477.4
Aug 17 2015,17545.18
Aug 18 2015,17511.34
Aug 19 2015,17348.73
Aug 20 2015,16990.69
Aug 21 2015,16459.75
Aug 24 2015,15871.35
Aug 25 2015,15666.44
Aug 26 2015,16285.51
Aug 27 2015,16654.77
Aug 28 2015,16643.01
Aug 31 2015,16528.03
Sep 01 2015,16058.35
Sep 02 2015,16351.38
Sep 03 2015,16374.76
Sep 04 2015,16102.38
Sep 07 2015,
Sep 08 2015,16492.68
Sep 09 2015,16253.57
Sep 10 2015,16330.4
Sep 11 2015,16433.09
Sep 14 2015,16370.96
Sep 15 2015,16599.85
Sep 16 2015,16739.95
Sep 17 2015,16674.74
Sep 18 2015,16384.58
Sep 21 2015,16510.19
Sep 22 2015,16330.47
Sep 23 2015,16279.89
Sep 24 2015,16201.32
Sep 25 2015,16314.67
Sep 28 2015,16001.89
Sep 29 2015,16049.13
Sep 30 2015,16284.7
Oct 01 2015,16272.01
Oct 02 2015,16472.37
Oct 05 2015,16776.43
Oct 06 2015,16790.19
Oct 07 2015,16912.29
Oct 08 2015,17050.75
Oct 09 2015,17084.49
Oct 12 2015,17131.86
Oct 13 2015,17081.89
Oct 14 2015,16924.75
Oct 15 2015,17141.75
Oct 16 2015,17215.97
Oct 19 2015,17230.54
Oct 20 2015,17217.11
Oct 21 2015,17168.61
Oct 22 2015,17489.16
Oct 23 2015,17646.7
Oct 26 2015,17623.05
Oct 27 2015,17581.43
Oct 28 2015,17779.52
Oct 29 2015,17755.8
Oct 30 2015,17663.54
Nov 02 2015,17828.76
Nov 03 2015,17918.15
Nov 04 2015,17867.58
Nov 05 2015,17863.43
Nov 06 2015,17910.33
Nov 09 2015,17730.48
Nov 10 2015,17758.21
Nov 11 2015,17702.22
Nov 12 2015,17448.07
Nov 13 2015,17245.24
Nov 16 2015,17483.01
Nov 17 2015,17489.5
Nov 18 2015,17737.16
Nov 19 2015,17732.75
Nov 20 2015,17823.81
Nov 23 2015,17792.68
Nov 24 2015,17812.19
Nov 25 2015,17813.39
Nov 26 2015,
Nov 27 2015,17798.49
Nov 30 2015,17719.92
Dec 01 2015,17888.35
Dec 02 2015,17729.68
Dec 03 2015,17477.67
Dec 04 2015,17847.63
Dec 07 2015,17730.51
Dec 08 2015,17568
Dec 09 2015,17492.3
Dec 10 2015,17574.75
Dec 11 2015,17265.21
Dec 14 2015,17368.5
Dec 15 2015,17524.91
Dec 16 2015,17749.09
Dec 17 2015,17495.84
Dec 18 2015,17128.55
Dec 21 2015,17251.62
Dec 22 2015,17417.27
Dec 23 2015,17602.61
Dec 24 2015,17552.17
Dec 25 2015,
Dec 28 2015,17528.27
Dec 29 2015,17720.98
Dec 30 2015,17603.87
Dec 31 2015,17425.03
Jan 01 2016,
Jan 04 2016,17148.94
Jan 05 2016,17158.66
Jan 06 2016,16906.51
Jan 07 2016,16514.1
Jan 08 2016,16346.45
Jan 11 2016,16398.57
Jan 12 2016,16516.22
Jan 13 2016,16151.41
Jan 14 2016,16379.05
Jan 15 2016,15988.08
Jan 18 2016,
Jan 19 2016,16016.02
Jan 20 2016,15766.74
Jan 21 2016,15882.68
Jan 22 2016,16093.51
Jan 25 2016,15885.22
Jan 26 2016,16167.23
Jan 27 2016,15944.46
Jan 28 2016,16069.64
Jan 29 2016,16466.3
Feb 01 2016,16449.18
Feb 02 2016,16153.54
Feb 03 2016,16336.66
Feb 04 2016,16416.58
Feb 05 2016,16204.97
Feb 08 2016,16027.05
Feb 09 2016,16014.38
Feb 10 2016,15914.74
Feb 11 2016,15660.18
Feb 12 2016,15973.84
Feb 15 2016,
Feb 16 2016,16196.41
Feb 17 2016,16453.83
Feb 18 2016,16413.43
Feb 19 2016,16391.99
Feb 22 2016,16620.66
Feb 23 2016,16431.78
Feb 24 2016,16484.99
Feb 25 2016,16697.29
Feb 26 2016,16639.97
Feb 29 2016,16516.5
Mar 01 2016,16865.08
Mar 02 2016,16899.32
Mar 03 2016,16943.9
Mar 04 2016,17006.77
Mar 07 2016,17073.95
Mar 08 2016,16964.1
Mar 09 2016,17000.36
Mar 10 2016,16995.13
Mar 11 2016,17213.31
Mar 14 2016,17229.13
Mar 15 2016,17251.53
Mar 16 2016,17325.76
Mar 17 2016,17481.49
Mar 18 2016,17602.3
Mar 21 2016,17623.87
Mar 22 2016,17582.57
Mar 23 2016,17502.59
Mar 24 2016,17515.73
Mar 25 2016,
Mar 28 2016,17535.39
Mar 29 2016,17633.11
Mar 30 2016,17716.66
Mar 31 2016,17685.09
Apr 01 2016,17792.75
Apr 04 2016,17737
Apr 05 2016,17603.32
Apr 06 2016,17716.05
Apr 07 2016,17541.96
Apr 08 2016,17576.96
Apr 11 2016,17556.41
Apr 12 2016,17721.25
Apr 13 2016,17908.28
Apr 14 2016,17926.43
Apr 15 2016,17897.46
Apr 18 2016,18004.16
Apr 19 2016,18053.6
Apr 20 2016,18096.27
Apr 21 2016,17982.52
Apr 22 2016,18003.75
Apr 25 2016,17977.24
Apr 26 2016,17990.32
Apr 27 2016,18041.55
Apr 28 2016,17830.76
Apr 29 2016,17773.64
May 02 2016,17891.16
May 03 2016,17750.91
May 04 2016,17651.26
May 05 2016,17660.71
May 06 2016,17740.63
May 09 2016,17705.91
May 10 2016,17928.35
May 11 2016,17711.12
May 12 2016,17720.5
May 13 2016,17535.32
May 16 2016,17710.71
May 17 2016,17529.98
May 18 2016,17526.62
May 19 2016,17435.4
May 20 2016,17500.94
May 23 2016,17492.93
May 24 2016,17706.05
May 25 2016,17851.51
May 26 2016,17828.29
May 27 2016,17873.22
May 30 2016,
May 31 2016,17787.2
Jun 01 2016,17789.67
Jun 02 2016,17838.56
Jun 03 2016,17807.06
Jun 06 2016,17920.33
Jun 07 2016,17938.28
Jun 08 2016,18005.05
Jun 09 2016,17985.19
Jun 10 2016,17865.34
Jun 13 2016,17732.48
Jun 14 2016,17674.82
Jun 15 2016,17640.17
Jun 16 2016,17733.1
Jun 17 2016,17675.16
Jun 20 2016,17804.87
Jun 21 2016,17829.73
Jun 22 2016,17780.83
Jun 23 2016,18011.07
Jun 24 2016,17400.75
Jun 27 2016,17140.24
Jun 28 2016,17409.72
Jun 29 2016,17694.68
Jun 30 2016,17929.99
Jul 01 2016,17949.37
Jul 04 2016,
Jul 05 2016,17840.62
Jul 06 2016,17918.62
Jul 07 2016,17895.88
Jul 08 2016,18146.74
Jul 11 2016,18226.93
Jul 12 2016,18347.67
Jul 13 2016,18372.12
Jul 14 2016,18506.41
Jul 15 2016,18516.55
Jul 18 2016,18533.05
Jul 19 2016,18559.01
Jul 20 2016,18595.03
Jul 21 2016,18517.23
Jul 22 2016,18570.85
Jul 25 2016,18493.06
Jul 26 2016,18473.75
Jul 27 2016,18472.17
Jul 28 2016,18456.35
Jul 29 2016,18432.24
Aug 01 2016,18404.51
Aug 02 2016,18313.77
Aug 03 2016,18355
Aug 04 2016,18352.05
Aug 05 2016,18543.53
Aug 08 2016,18529.29
Aug 09 2016,18533.05
Aug 10 2016,18495.66
Aug 11 2016,18613.52
Aug 12 2016,18576.47
Aug 15 2016,18636.05
Aug 16 2016,18552.02
Aug 17 2016,18573.94
Aug 18 2016,18597.7
Aug 19 2016,18552.57
Aug 22 2016,18529.42
Aug 23 2016,18547.3
Aug 24 2016,18481.48
Aug 25 2016,18448.41
Aug 26 2016,18395.4
Aug 29 2016,18502.99
Aug 30 2016,18454.3
Aug 31 2016,18400.88
Sep 01 2016,18419.3
Sep 02 2016,18491.96
Sep 05 2016,
Sep 06 2016,18538.12
Sep 07 2016,18526.14
Sep 08 2016,18479.91
Sep 09 2016,18085.45
Sep 12 2016,18325.07
Sep 13 2016,18066.75
Sep 14 2016,18034.77
Sep 15 2016,18212.48
Sep 16 2016,18123.8
Sep 19 2016,18120.17
Sep 20 2016,18129.96
Sep 21 2016,18293.7
Sep 22 2016,18392.46
Sep 23 2016,18261.45
Sep 26 2016,18094.83
Sep 27 2016,18228.3
Sep 28 2016,18339.24
Sep 29 2016,18143.45
Sep 30 2016,18308.15
Oct 03 2016,18253.85
Oct 04 2016,18168.45
Oct 05 2016,18281.03
Oct 06 2016,18268.5
Oct 07 2016,18240.49
Oct 10 2016,18329.04
Oct 11 2016,18128.66
Oct 12 2016,18144.2
Oct 13 2016,18098.94
Oct 14 2016,18138.38
Oct 17 2016,18086.4
Oct 18 2016,18161.94
Oct 19 2016,18202.62
Oct 20 2016,18162.35
Oct 21 2016,18145.71
Oct 24 2016,18223.03
Oct 25 2016,18169.27
Oct 26 2016,18199.33
Oct 27 2016,18169.68
Oct 28 2016,18161.19
Oct 31 2016,18142.42
Nov 01 2016,18037.1
Nov 02 2016,17959.64
Nov 03 2016,17930.67
Nov 04 2016,17888.28
Nov 07 2016,18259.6
Nov 08 2016,18332.74
Nov 09 2016,18589.69
Nov 10 2016,18807.88
Nov 11 2016,18847.66
Nov 14 2016,18868.69
Nov 15 2016,18923.06
Nov 16 2016,18868.14
Nov 17 2016,18903.82
Nov 18 2016,18867.93
Nov 21 2016,18956.69
Nov 22 2016,19023.87
Nov 23 2016,19083.18
Nov 24 2016,
Nov 25 2016,19152.14
Nov 28 2016,19097.9
Nov 29 2016,19121.6
Nov 30 2016,19123.58
Dec 01 2016,19191.93
Dec 02 2016,19170.42
Dec 05 2016,19216.24
Dec 06 2016,19251.78
Dec 07 2016,19549.62
Dec 08 2016,19614.81
Dec 09 2016,19756.85
Dec 12 2016,19796.43
Dec 13 2016,19911.21
Dec 14 2016,19792.53
Dec 15 2016,19852.24
Dec 16 2016,19843.41
Dec 19 2016,19883.06
Dec 20 2016,19974.62
Dec 21 2016,19941.96
Dec 22 2016,19918.88
Dec 23 2016,19933.81
Dec 26 2016,
Dec 27 2016,19945.04
Dec 28 2016,19833.68
Dec 29 2016,19819.78
Dec 30 2016,19762.6
Jan 02 2017,
Jan 03 2017,19881.76
Jan 04 2017,19942.16
Jan 05 2017,19899.29
Jan 06 2017,19963.8
Jan 09 2017,19887.38
Jan 10 2017,19855.53
Jan 11 2017,19954.28
Jan 12 2017,19891
Jan 13 2017,19885.73
Jan 16 2017,
Jan 17 2017,19826.77
Jan 18 2017,19804.72
Jan 19 2017,19732.4
Jan 20 2017,19827.25
Jan 23 2017,19799.85
Jan 24 2017,19912.71
Jan 25 2017,20068.51
Jan 26 2017,20100.91
Jan 27 2017,20093.78
Jan 30 2017,19971.13
Jan 31 2017,19864.09
Feb 01 2017,19890.94
Feb 02 2017,19884.91
Feb 03 2017,20071.46
Feb 06 2017,20052.42
Feb 07 2017,20090.29
Feb 08 2017,20054.34
Feb 09 2017,20172.4
Feb 10 2017,20269.37
Feb 13 2017,20412.16
Feb 14 2017,20504.41
Feb 15 2017,20611.86
Feb 16 2017,20619.77
Feb 17 2017,20624.05
Feb 20 2017,
Feb 21 2017,20743
Feb 22 2017,20775.6
Feb 23 2017,20810.32
Feb 24 2017,20821.76
Feb 27 2017,20837.44
Feb 28 2017,20812.24
Mar 01 2017,21115.55
Mar 02 2017,21002.97
Mar 03 2017,21005.71
Mar 06 2017,20954.34
Mar 07 2017,20924.76
Mar 08 2017,20855.73
Mar 09 2017,20858.19
Mar 10 2017,20902.98
Mar 13 2017,20881.48
Mar 14 2017,20837.37
Mar 15 2017,20950.1
Mar 16 2017,20934.55
Mar 17 2017,20914.62
Mar 20 2017,20905.86
Mar 21 2017,20668.01
Mar 22 2017,20661.3
Mar 23 2017,20656.58
Mar 24 2017,20596.72
Mar 27 2017,20550.98
Mar 28 2017,20701.5
Mar 29 2017,20659.32
Mar 30 2017,20728.49
Mar 31 2017,20663.22
Apr 03 2017,20650.21
Apr 04 2017,20689.24
Apr 05 2017,20648.15
Apr 06 2017,20662.95
Apr 07 2017,20656.1
Apr 10 2017,20658.02
Apr 11 2017,20651.3
Apr 12 2017,20591.86
Apr 13 2017,20453.25
Apr 14 2017,
Apr 17 2017,20636.92
Apr 18 2017,20523.28
Apr 19 2017,20404.49
Apr 20 2017,20578.71
Apr 21 2017,20547.76
Apr 24 2017,20763.89
Apr 25 2017,20996.12
Apr 26 2017,20975.09
Apr 27 2017,20981.33
Apr 28 2017,20940.51
May 01 2017,20913.46
May 02 2017,20949.89
May 03 2017,20957.9
May 04 2017,20951.47
May 05 2017,21006.94
May 08 2017,21012.28
May 09 2017,20975.78
May 10 2017,20943.11
May 11 2017,20919.42
May 12 2017,20896.61
May 15 2017,20981.94
May 16 2017,20979.75
May 17 2017,20606.93
May 18 2017,20663.02
May 19 2017,20804.84
May 22 2017,20894.83
May 23 2017,20937.91
May 24 2017,21012.42
May 25 2017,21082.95
May 26 2017,21080.28
May 29 2017,
May 30 2017,21029.47
May 31 2017,21008.65
Jun 01 2017,21144.18
Jun 02 2017,21206.29
Jun 05 2017,21184.04
Jun 06 2017,21136.23
Jun 07 2017,21173.69
Jun 08 2017,21182.53
Jun 09 2017,21271.97
Jun 12 2017,21235.67
Jun 13 2017,21328.47
Jun 14 2017,21374.56
Jun 15 2017,21359.9
Jun 16 2017,21384.28
Jun 19 2017,21528.99
Jun 20 2017,21467.14
Jun 21 2017,21410.03
Jun 22 2017,21397.29
Jun 23 2017,21394.76
Jun 26 2017,21409.55
Jun 27 2017,21310.66
Jun 28 2017,21454.61
Jun 29 2017,21287.03
Jun 30 2017,21349.63
Jul 03 2017,21479.27
Jul 04 2017,
Jul 05 2017,21478.17
Jul 06 2017,21320.04
Jul 07 2017,21414.34
Jul 10 2017,21408.52
Jul 11 2017,21409.07
Jul 12 2017,21532.14
Jul 13 2017,21553.09
Jul 14 2017,21637.74
Jul 17 2017,21629.72
Jul 18 2017,21574.73
Jul 19 2017,21640.75
Jul 20 2017,21611.78
Jul 21 2017,21580.07
Jul 24 2017,21513.17
Jul 25 2017,21613.43
Jul 26 2017,21711.01
Jul 27 2017,21796.55
Jul 28 2017,21830.31
Jul 31 2017,21891.12
Aug 01 2017,21963.92
Aug 02 2017,22016.24
Aug 03 2017,22026.1
Aug 04 2017,22092.81
Aug 07 2017,22118.42
Aug 08 2017,22085.34
Aug 09 2017,22048.7
Aug 10 2017,21844.01
Aug 11 2017,21858.32
Aug 14 2017,21993.71
Aug 15 2017,21998.99
Aug 16 2017,22024.87
Aug 17 2017,21750.73
Aug 18 2017,21674.51
Aug 21 2017,21703.75
Aug 22 2017,21899.89
Aug 23 2017,21812.09
Aug 24 2017,21783.4
Aug 25 2017,21813.67
Aug 28 2017,21808.4
Aug 29 2017,21865.37
Aug 30 2017,21892.43
Aug 31 2017,21948.1
Sep 01 2017,21987.56
Sep 04 2017,
Sep 05 2017,21753.31
Sep 06 2017,21807.64
Sep 07 2017,21784.78
Sep 08 2017,21797.79
Sep 11 2017,22057.37
Sep 12 2017,22118.86
Sep 13 2017,22158.18
Sep 14 2017,22203.48
Sep 15 2017,22268.34
Sep 18 2017,22331.35
Sep 19 2017,22370.8
Sep 20 2017,22412.59
Sep 21 2017,22359.23
Sep 22 2017,22349.59
Sep 25 2017,22296.09
Sep 26 2017,22284.32
Sep 27 2017,22340.71
Sep 28 2017,22381.2
Sep 29 2017,22405.09
Oct 02 2017,22557.6
Oct 03 2017,22641.67
Oct 04 2017,22661.64
Oct 05 2017,22775.39
Oct 06 2017,22773.67
Oct 09 2017,22761.07
Oct 10 2017,22830.68
Oct 11 2017,22872.89
Oct 12 2017,22841.01
Oct 13 2017,22871.72
Oct 16 2017,22956.96
Oct 17 2017,22997.44
Oct 18 2017,23157.6
Oct 19 2017,23163.04
Oct 20 2017,23328.63
Oct 23 2017,23273.96
Oct 24 2017,23441.76
Oct 25 2017,23329.46
Oct 26 2017,23400.86
Oct 27 2017,23434.19
Oct 30 2017,23348.74
Oct 31 2017,23377.24
Nov 01 2017,23435.01
Nov 02 2017,23516.26
Nov 03 2017,23539.19
Nov 06 2017,23548.42
Nov 07 2017,23557.23
Nov 08 2017,23563.36
Nov 09 2017,23461.94
Nov 10 2017,23422.21
Nov 13 2017,23439.7
Nov 14 2017,23409.47
Nov 15 2017,23271.28
Nov 16 2017,23458.36
Nov 17 2017,23358.24
Nov 20 2017,23430.33
Nov 21 2017,23590.83
Nov 22 2017,23526.18
Nov 23 2017,
Nov 24 2017,23557.99
Nov 27 2017,23580.78
Nov 28 2017,23836.71
Nov 29 2017,23940.68
Nov 30 2017,24272.35
Dec 01 2017,24231.59
Dec 04 2017,24290.05
Dec 05 2017,24180.64
Dec 06 2017,24140.91
Dec 07 2017,24211.48
Dec 08 2017,24329.16
Dec 11 2017,24386.03
Dec 12 2017,24504.8
Dec 13 2017,24585.43
Dec 14 2017,24508.66
Dec 15 2017,24651.74
Dec 18 2017,24792.2
Dec 19 2017,24754.75
Dec 20 2017,24726.65
Dec 21 2017,24782.29
Dec 22 2017,24754.06
Dec 25 2017,
Dec 26 2017,24746.21
Dec 27 2017,24774.3
Dec 28 2017,24837.51
Dec 29 2017,24719.22
Jan 01 2018,
Jan 02 2018,24824.01
Jan 03 2018,24922.68
Jan 04 2018,25075.13
Jan 05 2018,25295.87
Jan 08 2018,25283
Jan 09 2018,25385.8
Jan 10 2018,25369.13
Jan 11 2018,25574.73
Jan 12 2018,25803.19
Jan 15 2018,
Jan 16 2018,25792.86
Jan 17 2018,26115.65
Jan 18 2018,26017.81
Jan 19 2018,26071.72
Jan 22 2018,26214.6
Jan 23 2018,26210.81
Jan 24 2018,26252.12
Jan 25 2018,26392.79
Jan 26 2018,26616.71
Jan 29 2018,26439.48
Jan 30 2018,26076.89
Jan 31 2018,26149.39
Feb 01 2018,26186.71
Feb 02 2018,25520.96
Feb 05 2018,24345.75
Feb 06 2018,24912.77
Feb 07 2018,24893.35
Feb 08 2018,23860.46
Feb 09 2018,24190.9
Feb 12 2018,24601.27
Feb 13 2018,24640.45
Feb 14 2018,24893.49
Feb 15 2018,25200.37
Feb 16 2018,25219.38
Feb 19 2018,
Feb 20 2018,24964.75
Feb 21 2018,24797.78
Feb 22 2018,24962.48
Feb 23 2018,25309.99
Feb 26 2018,25709.27
Feb 27 2018,25410.03
Feb 28 2018,25029.2
Mar 01 2018,24608.98
Mar 02 2018,24538.06
Mar 05 2018,24874.76
Mar 06 2018,24884.12
Mar 07 2018,24801.36
Mar 08 2018,24895.21
Mar 09 2018,25335.74
Mar 12 2018,25178.61
Mar 13 2018,25007.03
Mar 14 2018,24758.12
Mar 15 2018,24873.66
Mar 16 2018,24946.51
Mar 19 2018,24610.91
Mar 20 2018,24727.27
Mar 21 2018,24682.31
Mar 22 2018,23957.89
Mar 23 2018,23533.2
Mar 26 2018,24202.6
Mar 27 2018,23857.71
Mar 28 2018,23848.42
Mar 29 2018,24103.11
Mar 30 2018,
Apr 02 2018,23644.19
Apr 03 2018,24033.36
Apr 04 2018,24264.3
Apr 05 2018,24505.22
Apr 06 2018,23932.76
Apr 09 2018,23979.1
Apr 10 2018,24408
Apr 11 2018,24189.45
Apr 12 2018,24483.05
Apr 13 2018,24360.14
Apr 16 2018,24573.04
Apr 17 2018,24786.63
Apr 18 2018,24748.07
Apr 19 2018,24664.89
Apr 20 2018,24462.94
Apr 23 2018,24448.69
Apr 24 2018,24024.13
Apr 25 2018,24083.83
Apr 26 2018,24322.34
Apr 27 2018,24311.19
Apr 30 2018,24163.15
May 01 2018,24099.05
May 02 2018,23924.98
May 03 2018,23930.15
May 04 2018,24262.51
May 07 2018,24357.32
May 08 2018,24360.21
May 09 2018,24542.54
May 10 2018,24739.53
May 11 2018,24831.17
May 14 2018,24899.41
May 15 2018,24706.41
May 16 2018,24768.93
May 17 2018,24713.98
May 18 2018,24715.09
May 21 2018,25013.29
May 22 2018,24834.41
May 23 2018,24886.81
May 24 2018,24811.76
May 25 2018,24753.09
May 28 2018,
May 29 2018,24361.45
May 30 2018,24667.78
May 31 2018,24415.84
Jun 01 2018,24635.21
Jun 04 2018,24813.69
Jun 05 2018,24799.98
Jun 06 2018,25146.39
Jun 07 2018,25241.41
Jun 08 2018,25316.53
Jun 11 2018,25322.31
Jun 12 2018,25320.73
Jun 13 2018,25201.2
Jun 14 2018,25175.31
Jun 15 2018,25090.48
Jun 18 2018,24987.47
Jun 19 2018,24700.21
Jun 20 2018,24657.8
Jun 21 2018,24461.7
Jun 22 2018,24580.89
Jun 25 2018,24252.8
Jun 26 2018,24283.11
Jun 27 2018,24117.59
Jun 28 2018,24216.05
Jun 29 2018,24271.41
Jul 02 2018,24307.18
Jul 03 2018,24174.82
Jul 04 2018,
Jul 05 2018,24356.74
Jul 06 2018,24456.48
Jul 09 2018,24776.59
Jul 10 2018,24919.66
Jul 11 2018,24700.45
Jul 12 2018,24924.89
Jul 13 2018,25019.41
Jul 16 2018,25064.36
Jul 17 2018,25119.89
Jul 18 2018,25199.29
Jul 19 2018,25064.5
Jul 20 2018,25058.12
Jul 23 2018,25044.29
Jul 24 2018,25241.94
Jul 25 2018,25414.1
Jul 26 2018,25527.07
Jul 27 2018,25451.06
Jul 30 2018,25306.83
Jul 31 2018,25415.19
Aug 01 2018,25333.82
Aug 02 2018,25326.16
Aug 03 2018,25462.58
Aug 06 2018,25502.18
Aug 07 2018,25628.91
Aug 08 2018,25583.75
Aug 09 2018,25509.23
Aug 10 2018,25313.14
Aug 13 2018,25187.7
Aug 14 2018,25299.92
Aug 15 2018,25162.41
Aug 16 2018,25558.73
Aug 17 2018,25669.32
Aug 20 2018,25758.69
Aug 21 2018,25822.29
Aug 22 2018,25733.6
